Datetime,Water Level (m)
2026-04-21 18:00:00,-0.057638306
2026-04-21 19:00:00,-0.07989222
2026-04-21 20:00:00,0.0020007712
2026-04-21 21:00:00,0.1123853
2026-04-21 22:00:00,0.22402115
2026-04-21 23:00:00,0.2994666
2026-04-22 00:00:00,0.31667316
2026-04-22 01:00:00,0.2612311
2026-04-22 02:00:00,0.16682678
2026-04-22 03:00:00,0.07890676
2026-04-22 04:00:00,-0.00023064365
2026-04-22 05:00:00,-0.08112147
2026-04-22 06:00:00,-0.15389653
2026-04-22 07:00:00,-0.18125726
2026-04-22 08:00:00,-0.079422794
2026-04-22 09:00:00,0.05152255
2026-04-22 10:00:00,0.2195872
2026-04-22 11:00:00,0.3899479
2026-04-22 12:00:00,0.45994577
2026-04-22 13:00:00,0.4239033
2026-04-22 14:00:00,0.36498678
2026-04-22 15:00:00,0.2681727
2026-04-22 16:00:00,0.17609605
2026-04-22 17:00:00,0.088540755
2026-04-22 18:00:00,0.011895323
2026-04-22 19:00:00,-0.05512849
2026-04-22 20:00:00,-0.07908171
2026-04-22 21:00:00,-0.006381025
2026-04-22 22:00:00,0.09110925
2026-04-22 23:00:00,0.1706517
2026-04-23 00:00:00,0.23160975
2026-04-23 01:00:00,0.24734305
2026-04-23 02:00:00,0.19121212
2026-04-23 03:00:00,0.107408434
2026-04-23 04:00:00,0.031870686
2026-04-23 05:00:00,-0.036479726
2026-04-23 06:00:00,-0.10862441
2026-04-23 07:00:00,-0.16197872
2026-04-23 08:00:00,-0.16120128
2026-04-23 09:00:00,-0.063397475
2026-04-23 10:00:00,0.04658078
2026-04-23 11:00:00,0.16283712
2026-04-23 12:00:00,0.3418717
2026-04-23 13:00:00,0.38550475
2026-04-23 14:00:00,0.36816326
2026-04-23 15:00:00,0.3183169
2026-04-23 16:00:00,0.23044865
2026-04-23 17:00:00,0.14681911
2026-04-23 18:00:00,0.06780788
2026-04-23 19:00:00,-0.00024181134
2026-04-23 20:00:00,-0.057943065
2026-04-23 21:00:00,-0.076568976
2026-04-23 22:00:00,-0.024561929
2026-04-23 23:00:00,0.04992302
2026-04-24 00:00:00,0.12444482
2026-04-24 01:00:00,0.17450477
2026-04-24 02:00:00,0.19048981
2026-04-24 03:00:00,0.16235454
2026-04-24 04:00:00,0.093555465
2026-04-24 05:00:00,0.027325654
2026-04-24 06:00:00,-0.03017032
2026-04-24 07:00:00,-0.08870935
2026-04-24 08:00:00,-0.13192333
2026-04-24 09:00:00,-0.13092178
2026-04-24 10:00:00,-0.052115306
2026-04-24 11:00:00,0.042636614
2026-04-24 12:00:00,0.13104424
2026-04-24 13:00:00,0.21581852
2026-04-24 14:00:00,0.28193647
2026-04-24 15:00:00,0.31001118
2026-04-24 16:00:00,0.28349924
2026-04-24 17:00:00,0.2100733
2026-04-24 18:00:00,0.13231668
2026-04-24 19:00:00,0.0564584
2026-04-24 20:00:00,-0.008514059
2026-04-24 21:00:00,-0.07067911
2026-04-24 22:00:00,-0.103133544
2026-04-24 23:00:00,-0.08259439
2026-04-25 00:00:00,-0.0114315795
2026-04-25 01:00:00,0.060048975
2026-04-25 02:00:00,0.1211517
2026-04-25 03:00:00,0.16299894
2026-04-25 04:00:00,0.17147315
2026-04-25 05:00:00,0.13012315
2026-04-25 06:00:00,0.06448915
2026-04-25 07:00:00,0.0059332377
2026-04-25 08:00:00,-0.05077974
2026-04-25 09:00:00,-0.096999414
2026-04-25 10:00:00,-0.12106015
2026-04-25 11:00:00,-0.0720276
2026-04-25 12:00:00,0.0159747
2026-04-25 13:00:00,0.09704791
2026-04-25 14:00:00,0.18092486
2026-04-25 15:00:00,0.2523141
2026-04-25 16:00:00,0.29843786
2026-04-25 17:00:00,0.30105007
2026-04-25 18:00:00,0.2470809
2026-04-25 19:00:00,0.1676483
2026-04-25 20:00:00,0.09175633
2026-04-25 21:00:00,0.021412592
2026-04-25 22:00:00,-0.04531389
2026-04-25 23:00:00,-0.09074097
2026-04-26 00:00:00,-0.093712054
2026-04-26 01:00:00,-0.0157282
2026-04-26 02:00:00,0.07441084
2026-04-26 03:00:00,0.15087262
2026-04-26 04:00:00,0.2201035
2026-04-26 05:00:00,0.26752943
2026-04-26 06:00:00,0.2715219
2026-04-26 07:00:00,0.21959895
2026-04-26 08:00:00,0.14732891
2026-04-26 09:00:00,0.080613956
2026-04-26 10:00:00,0.01943507
2026-04-26 11:00:00,-0.025910415
2026-04-26 12:00:00,-0.024485435
2026-04-26 13:00:00,0.05819889
2026-04-26 14:00:00,0.14335993
2026-04-26 15:00:00,0.23135075
2026-04-26 16:00:00,0.3134085
2026-04-26 17:00:00,0.3796716
2026-04-26 18:00:00,0.39487264
2026-04-26 19:00:00,0.33925247
2026-04-26 20:00:00,0.25294387
2026-04-26 21:00:00,0.17078544
2026-04-26 22:00:00,0.08826941
2026-04-26 23:00:00,0.0153770195
2026-04-27 00:00:00,-0.038764916
2026-04-27 01:00:00,-0.040830623
2026-04-27 02:00:00,0.062765755
2026-04-27 03:00:00,0.16277848
2026-04-27 04:00:00,0.25880048
2026-04-27 05:00:00,0.40832886
2026-04-27 06:00:00,0.43236282
2026-04-27 07:00:00,0.4343329
2026-04-27 08:00:00,0.37915835
2026-04-27 09:00:00,0.29306015
2026-04-27 10:00:00,0.21427152
2026-04-27 11:00:00,0.14065501
2026-04-27 12:00:00,0.07379624
2026-04-27 13:00:00,0.051508624
2026-04-27 14:00:00,0.13376652
2026-04-27 15:00:00,0.24965864
2026-04-27 16:00:00,0.35876817
2026-04-27 17:00:00,0.50773877
2026-04-27 18:00:00,0.5445009
